player_id,event_type,n_occurrences,player_name,player_position
2966,Wasted Turnover,4,Stéphane Sessègnon,Right Midfield
2988,Wasted Turnover,4,Memphis Depay,Center Forward
3023,Wasted Turnover,5,Yuri Berchiche Izeta,Left Midfield
3043,Wasted Turnover,4,Christian Dannemann Eriksen,Left Wing
3044,Yellow Card,4,Chancel Mbemba Mangulu,Right Center Back
3049,Wasted Turnover,3,Matt Ritchie,Right Midfield
3053,Wasted Turnover,4,Leroy Sané,Right Midfield
3057,Yellow Card,5,Jonjo Shelvey,Right Center Midfield
3064,Wasted Turnover,5,David Josué Jiménez Silva,Right Wing
3076,Wasted Turnover,4,Ayoze Pérez Gutiérrez,Right Center Forward
3077,Yellow Card,3,Jan Vertonghen,Left Center Back
3090,Yellow Card,4,Nicolás Hernán Otamendi,Right Center Back
3091,Wasted Turnover,6,Moussa Sissoko,Center Attacking Midfield
3098,Yellow Card,3,Victor Wanyama,Left Defensive Midfield
3237,Wasted Turnover,8,Sergio Leonel Agüero del Castillo,Center Forward
3272,Yellow Card,3,Oriol Romeu Vidal,Left Defensive Midfield
3275,Wasted Turnover,4,Henrikh Mkhitaryan,Left Wing
3277,Wasted Turnover,6,Yohan Cabaye,Right Defensive Midfield
3277,Yellow Card,3,Yohan Cabaye,Right Center Midfield
3286,Wasted Turnover,4,Nathan Redmond,Right Wing
3288,Yellow Card,4,Miguel Ángel Britos Cabrera,Left Center Back
3289,Wasted Turnover,8,Romelu Lukaku Menama,Center Forward
3302,Yellow Card,4,Nordin Amrabat,Right Midfield
3304,Yellow Card,5,Harry Arter,Left Center Midfield
3316,Wasted Turnover,3,James Tomkins,Right Back
3324,Yellow Card,3,Eric Bertrand Bailly,Right Center Back
3325,Big Miss,3,Marko Arnautović,Left Wing
3325,Wasted Turnover,6,Marko Arnautović,Left Wing
3328,Yellow Card,3,James Ward-Prowse,Right Defensive Midfield
3343,Wasted Turnover,3,Dan Gosling,Right Defensive Midfield
3344,Wasted Turnover,3,Andrew Surman,Left Defensive Midfield
3346,Wasted Turnover,5,Joshua King,Center Forward
3381,Yellow Card,3,Nemanja Matić,Left Center Midfield
3385,Wasted Turnover,3,Alexis Alejandro Sánchez Sánchez,Left Wing
3389,Yellow Card,4,Eliaquim Mangala,Left Center Back
3394,Wasted Turnover,3,Laurent Koscielny,Left Center Back
3450,Wasted Turnover,5,Jordan Ayew,Right Center Forward
3454,Wasted Turnover,7,Troy Deeney,Right Center Forward
3473,Yellow Card,6,James Philip Milner,Right Center Midfield
3480,Wasted Turnover,3,Geoff Cameron,Right Defensive Midfield
3491,Wasted Turnover,4,Dimitri Payet,Left Wing
3493,Wasted Turnover,4,Emre Can,Left Center Midfield
3497,Yellow Card,4,Vicente Iborra De La Fuente,Right Center Midfield
3498,Wasted Turnover,7,Ignacio Monreal Eraso,Left Back
3500,Yellow Card,5,Granit Xhaka,Left Defensive Midfield
3501,Big Miss,3,Philippe Coutinho Correia,Left Wing
3501,Selfish Shot,4,Philippe Coutinho Correia,Left Center Midfield
3501,Wasted Turnover,4,Philippe Coutinho Correia,Left Midfield
3501,Yellow Card,3,Philippe Coutinho Correia,Left Wing
3507,Wasted Turnover,6,Wilfried Zaha,Right Midfield
3511,Wasted Turnover,5,Héctor Bellerín Moruno,Right Back
3514,Wasted Turnover,4,James McClean,Left Midfield
3514,Yellow Card,3,James McClean,Left Midfield
3515,Wasted Turnover,3,Alberto Moreno Pérez,Left Back
3517,Wasted Turnover,7,Aaron Ramsey,Left Defensive Midfield
3530,Wasted Turnover,5,Hiroki Sakai,Right Back
3535,Big Miss,3,Roberto Firmino Barbosa de Oliveira,Center Forward
3535,Wasted Turnover,4,Roberto Firmino Barbosa de Oliveira,Left Center Forward
3541,Yellow Card,4,Chris Brunt,Left Back
3545,Yellow Card,3,Luiz Gustavo Dias,Right Defensive Midfield
3567,Wasted Turnover,5,Georginio Wijnaldum,Center Attacking Midfield
3583,Wasted Turnover,5,Ashley Westwood,Right Defensive Midfield
3589,Wasted Turnover,5,Yannick Bolasie Yala,Right Wing
3594,Wasted Turnover,3,Danny Rose,Left Back
3604,Wasted Turnover,3,Olivier Giroud,Center Forward
3607,Wasted Turnover,3,James McCarthy,Right Defensive Midfield
3607,Yellow Card,3,James McCarthy,Right Center Midfield
3610,Wasted Turnover,4,Roque Mesa Quevedo,Right Defensive Midfield
3610,Yellow Card,3,Roque Mesa Quevedo,Right Defensive Midfield
3629,Big Miss,4,Sadio Mané,Center Attacking Midfield
3629,Yellow Card,3,Sadio Mané,Center Attacking Midfield
3633,Yellow Card,3,Gareth Barry,Center Defensive Midfield
3638,Yellow Card,4,Shkodran Mustafi,Right Center Back
3644,Yellow Card,3,Ashley Williams,Left Center Back
3646,Wasted Turnover,3,Marc Pugh,Left Midfield
3650,Wasted Turnover,4,Daryl Janmaat,Right Back
3650,Yellow Card,4,Daryl Janmaat,Right Back
3662,Selfish Shot,4,Danny Drinkwater,Left Center Midfield
3662,Wasted Turnover,4,Danny Drinkwater,Right Defensive Midfield
3670,Wasted Turnover,4,Jonathan Walters,Right Wing
3684,Wasted Turnover,3,Cheikhou Kouyaté,Center Defensive Midfield
3712,Big Miss,3,Pierre-Emerick Aubameyang,Right Center Forward
3721,Wasted Turnover,4,Etienne Capoue,Right Defensive Midfield
3721,Yellow Card,3,Etienne Capoue,Right Midfield
3726,Wasted Turnover,3,Gerard Deulofeu Lázaro,Right Wing
3774,Yellow Card,4,Papiss Mison Djilobodji,Left Center Back
3814,Wasted Turnover,7,Riyad Mahrez,Right Midfield
3831,Wasted Turnover,3,Dušan Tadić,Right Wing
3957,Yellow Card,3,César Azpilicueta Tanco,Right Back
3961,Wasted Turnover,3,N''Golo Kanté,Left Defensive Midfield
3991,Yellow Card,4,Allan Romeo Nyom,Right Back
4022,Wasted Turnover,5,Darren Fletcher,Left Center Midfield
4041,Wasted Turnover,5,José Salomón Rondón Giménez,Center Forward
4320,Wasted Turnover,5,Neymar da Silva Santos Junior,Left Wing
4353,Yellow Card,3,Aymeric Laporte,Left Center Back
4447,Wasted Turnover,3,Martin Braithwaite Christensen,Left Wing
4546,Yellow Card,3,Dimitri Foulquier,Right Back
4589,Wasted Turnover,3,Séamus Coleman,Right Back
4589,Yellow Card,3,Séamus Coleman,Right Back
4630,Wasted Turnover,3,Saido Berahino,Center Attacking Midfield
4724,Wasted Turnover,4,Glen Johnson,Right Back
4746,Yellow Card,3,Younes Kaboul,Left Center Back
4807,Wasted Turnover,5,Cameron Jerome,Center Forward
5198,Wasted Turnover,5,Diego da Silva Costa,Center Forward
5199,Yellow Card,3,Jorge Resurrección Merodio,Center Attacking Midfield
5203,Wasted Turnover,5,Sergio Busquets i Burgos,Center Defensive Midfield
5203,Yellow Card,8,Sergio Busquets i Burgos,Center Defensive Midfield
5207,Big Miss,6,Cristiano Ronaldo dos Santos Aveiro,Left Wing
5211,Wasted Turnover,4,Jordi Alba Ramos,Left Back
5211,Yellow Card,11,Jordi Alba Ramos,Left Back
5213,Big Miss,4,Gerard Piqué Bernabéu,Right Center Back
5213,Yellow Card,12,Gerard Piqué Bernabéu,Right Center Back
5217,Yellow Card,4,Iago Aspas Juncal,Left Center Forward
5246,Big Miss,11,Luis Alberto Suárez Díaz,Center Forward
5246,Wasted Turnover,14,Luis Alberto Suárez Díaz,Left Center Forward
5246,Yellow Card,7,Luis Alberto Suárez Díaz,Center Forward
5259,Yellow Card,4,José María Giménez de Vargas,Right Center Back
5458,Wasted Turnover,10,Odion Jude Ighalo,Left Center Forward
5463,Wasted Turnover,5,Luka Modrić,Right Midfield
5470,Selfish Shot,3,Ivan Rakitić,Right Center Midfield
5470,Wasted Turnover,3,Ivan Rakitić,Left Defensive Midfield
5470,Yellow Card,6,Ivan Rakitić,Right Center Midfield
5477,Yellow Card,3,Ousmane Dembélé,Right Midfield
5481,Wasted Turnover,8,Mathew Leckie,Right Wing
5487,Big Miss,6,Antoine Griezmann,Left Wing
5487,Selfish Shot,3,Antoine Griezmann,Left Wing
5487,Wasted Turnover,4,Antoine Griezmann,Left Wing
5487,Yellow Card,3,Antoine Griezmann,Right Wing
5492,Yellow Card,7,Samuel Yves Umtiti,Left Center Back
5503,Big Miss,8,Lionel Andrés Messi Cuccittini,Right Center Forward
5503,Wasted Turnover,25,Lionel Andrés Messi Cuccittini,Right Center Forward
5503,Yellow Card,4,Lionel Andrés Messi Cuccittini,Right Wing
5504,Yellow Card,3,Éver Maximiliano David Banega,Left Center Midfield
5506,Yellow Card,3,Javier Alejandro Mascherano,Right Center Back
5537,Yellow Card,4,Fabian Lukas Schär,Right Center Back
5539,Yellow Card,4,Carlos Henrique Casimiro,Center Defensive Midfield
5543,Yellow Card,4,Haris Seferović,Left Midfield
5552,Wasted Turnover,6,Marcelo Vieira da Silva Júnior,Left Back
5555,Wasted Turnover,3,Julian Brandt,Right Midfield
5557,Wasted Turnover,4,Timo Werner,Center Forward
5560,Wasted Turnover,6,Carlos Alberto Vela Garrido,Right Wing
5560,Yellow Card,3,Carlos Alberto Vela Garrido,Right Wing
5562,Wasted Turnover,4,Thomas Müller,Right Wing
5658,Wasted Turnover,3,Łukasz Piszczek,Right Back
5664,Yellow Card,3,Salif Sané,Left Defensive Midfield
5668,Big Miss,4,Robert Lewandowski,Center Forward
5668,Wasted Turnover,5,Robert Lewandowski,Center Forward
5671,Yellow Card,4,Alfred John Momar N''Diaye,Left Defensive Midfield
5681,Yellow Card,5,Makoto Hasebe,Right Back
5719,Wasted Turnover,6,Marco Asensio Willemsen,Right Wing
5724,Wasted Turnover,4,Fayçal Fajr,Right Midfield
5741,Yellow Card,4,Enzo Nicolás Pérez,Right Center Midfield
6039,Wasted Turnover,3,Sebastian Rudy,Right Center Midfield
6039,Yellow Card,3,Sebastian Rudy,Left Center Midfield
6040,Wasted Turnover,3,Jonas Hector,Left Back
6320,Yellow Card,3,Filipe Luís Kasmirski,Left Back
6359,Yellow Card,3,Johan Danon Djourou-Gbadjere,Right Center Back
6375,Wasted Turnover,4,Juan Francisco Torres Belén,Right Back
6377,Wasted Turnover,3,Ángel Martín Correa,Center Attacking Midfield
6377,Yellow Card,3,Ángel Martín Correa,Right Center Forward
6379,Wasted Turnover,5,Sergi Roberto Carnicer,Center Attacking Midfield
6381,Wasted Turnover,7,Saúl Ñíguez Esclapez,Center Defensive Midfield
6383,Yellow Card,3,Thomas Teye Partey,Left Center Midfield
6391,Wasted Turnover,3,Raúl García Escudero,Center Attacking Midfield
6391,Yellow Card,3,Raúl García Escudero,Right Center Forward
6393,Wasted Turnover,5,Iñaki Williams Arthuer,Right Midfield
6394,Wasted Turnover,3,Aritz Aduriz Zubeldia,Center Forward
6396,Yellow Card,3,Beñat Etxebarria Urkiaga,Left Defensive Midfield
6400,Wasted Turnover,3,Aleix Vidal Parreu,Right Midfield
6557,Yellow Card,3,Adrián González Morales,Left Defensive Midfield
6559,Wasted Turnover,3,Juan Carlos Pérez López,Left Midfield
6566,Wasted Turnover,3,Borja González Tomás,Center Forward
6573,Yellow Card,3,Bernardo José Espinosa Zúñiga,Center Back
6580,Yellow Card,3,José Luis García del Pozo,Left Defensive Midfield
6599,Yellow Card,3,Rubén Salvador Pérez Del Mármol,Left Center Midfield
6609,Wasted Turnover,9,Denis Suárez Fernández,Right Midfield
6622,Yellow Card,3,Tomás Pina Isla,Right Defensive Midfield
6626,Yellow Card,3,Mubarak Wakaso,Center Defensive Midfield
6627,Wasted Turnover,4,Damián Nicolás Suárez Suárez,Right Back
6647,Yellow Card,3,Zouhair Feddal,Center Back
6649,Wasted Turnover,4,Óscar de Marcos Arana,Right Midfield
6649,Yellow Card,3,Óscar de Marcos Arana,Right Midfield
6668,Wasted Turnover,5,José Luis Morales Nogales,Right Center Forward
6671,Wasted Turnover,3,Asier Illarramendi Andonegi,Right Defensive Midfield
6671,Yellow Card,4,Asier Illarramendi Andonegi,Right Center Midfield
6679,Yellow Card,3,Aritz Elustondo Irribaria,Right Back
6680,Selfish Shot,3,Rubén Rochina Naixes,Right Center Midfield
6680,Wasted Turnover,4,Rubén Rochina Naixes,Center Attacking Midfield
6697,Wasted Turnover,3,Daniel Ceballos Fernández,Center Attacking Midfield
6697,Yellow Card,3,Daniel Ceballos Fernández,Left Center Midfield
6699,Yellow Card,5,Ander Capa Rodríguez,Right Wing
6700,Wasted Turnover,3,Sergio Enrich Ametller,Left Center Forward
6707,Wasted Turnover,5,Charles Días Barbosa de Oliveira,Center Forward
6712,Wasted Turnover,3,Gonzalo Escalante,Right Midfield
6712,Yellow Card,4,Gonzalo Escalante,Right Defensive Midfield
6713,Yellow Card,3,Diego Javier Llorente Ríos,Left Center Back
6720,Wasted Turnover,5,Pablo Sarabia García,Right Center Midfield
6720,Yellow Card,4,Pablo Sarabia García,Center Attacking Midfield
6724,Selfish Shot,3,Manuel Agudo Durán,Left Wing
6724,Wasted Turnover,4,Manuel Agudo Durán,Left Midfield
6724,Yellow Card,4,Manuel Agudo Durán,Left Wing
6727,Yellow Card,4,Raúl Albentosa Redal,Right Center Back
6733,Yellow Card,4,Pedro Mosquera Parada,Left Defensive Midfield
6734,Yellow Card,3,Luis Carlos Correia Pinto,Left Back
6738,Wasted Turnover,3,Juan Francisco Moreno Fuertes,Right Back
6742,Wasted Turnover,4,Sergio Gontán Gallardo,Right Wing
6745,Yellow Card,3,Mehdi Lacen,Left Defensive Midfield
6751,Yellow Card,5,Javier Fuego Martínez,Left Center Midfield
6761,Wasted Turnover,4,Leonardo Carrilho Baptistão,Right Center Forward
6762,Yellow Card,5,Álvaro González Soberón,Right Center Back
6775,Yellow Card,5,Daniel García Carrillo,Left Defensive Midfield
6778,Yellow Card,3,Iván Ramis Barrios,Left Center Back
6784,Yellow Card,3,Antonio García Aranda,Left Back
6787,Yellow Card,3,Pedro López Muñoz,Right Back
6791,Yellow Card,3,Javier López Rodríguez,Right Back
6794,Yellow Card,3,Gustavo Daniel Cabral Cáceres,Right Center Back
6797,Wasted Turnover,3,Daniel Wass,Right Back
6800,Yellow Card,3,Carles Gil de Pareja Vicent,Left Midfield
6801,Yellow Card,4,Pedro Pablo Hernández,Center Attacking Midfield
6802,Yellow Card,4,Jonathan Castro Otto,Left Center Back
6804,Yellow Card,3,Sergi Gómez Solà,Left Center Back
6821,Wasted Turnover,5,Jesús Navas González,Right Back
6832,Wasted Turnover,4,Rubén Castro Martín,Left Center Forward
6838,Wasted Turnover,4,Hernán Arsenio Pérez González,Right Midfield
6847,Yellow Card,5,Adalberto Peñaranda Maestre,Right Center Forward
6867,Yellow Card,4,Papa Kouly Diop,Left Defensive Midfield
6870,Wasted Turnover,5,José Manuel Jurado Marín,Left Midfield
6880,Wasted Turnover,3,Arnaldo Antonio Sanabria Ayala,Center Forward
6899,Wasted Turnover,4,Rubén Pardo Gutiérrez,Right Center Forward
6918,Yellow Card,3,Isaac Ajayi Success,Left Wing
6926,Wasted Turnover,4,Alen Halilović,Right Midfield
6928,Wasted Turnover,4,Pedro Taunausú Domínguez Placeres,Center Attacking Midfield
6929,Yellow Card,3,José Vicente Gómez Umpiérrez,Center Defensive Midfield
7039,Wasted Turnover,6,Hakan Çalhanoğlu,Left Midfield
7105,Wasted Turnover,4,Fabián Ariel Orellana Valenzuela,Right Wing
7105,Yellow Card,3,Fabián Ariel Orellana Valenzuela,Right Wing
7141,Wasted Turnover,4,Giuseppe Rossi,Left Center Forward
7171,Wasted Turnover,4,Fabio Borini,Right Midfield
7900,Wasted Turnover,3,Tiago Manuel Dias Correia,Right Wing
8118,Wasted Turnover,3,Frenkie de Jong,Right Center Midfield
8167,Wasted Turnover,3,Sergio Ezequiel Araújo,Center Forward
8206,Wasted Turnover,3,Arturo Erasmo Vidal Pardo,Right Center Midfield
8206,Yellow Card,4,Arturo Erasmo Vidal Pardo,Right Center Midfield
8209,Wasted Turnover,4,Márcio Rafael Ferreira de Souza,Right Center Back
8212,Yellow Card,3,Wendell Nascimento Borges,Left Back
8213,Wasted Turnover,6,Karim Bellarabi,Right Midfield
8215,Wasted Turnover,3,Kevin Volland,Center Forward
8222,Yellow Card,3,Kevin Kampl,Left Defensive Midfield
8231,Wasted Turnover,3,Yannick Gerhardt,Left Defensive Midfield
8233,Wasted Turnover,5,Gonzalo Castro Randon,Right Wing
8243,Yellow Card,3,Daniel Didavi,Right Center Midfield
8244,Yellow Card,3,Sokratis Papastathopoulos,Right Center Back
8270,Wasted Turnover,3,Daniel Schwaab,Right Back
8303,Wasted Turnover,3,Caiuby Francisco da Silva,Center Forward
8303,Yellow Card,3,Caiuby Francisco da Silva,Center Forward
8389,Yellow Card,4,Fin Bartels,Right Midfield
8504,Yellow Card,3,Bastian Oczipka,Left Back
8508,Wasted Turnover,3,Max Meyer,Right Midfield
8539,Yellow Card,3,Danny Latza,Left Defensive Midfield
8541,Wasted Turnover,4,Kenan Karaman,Left Wing
8547,Wasted Turnover,3,Matthias Ostrzolek,Left Back
8547,Yellow Card,3,Matthias Ostrzolek,Left Back
8554,Wasted Turnover,4,Levin Mete Öztunali,Left Midfield
8555,Wasted Turnover,3,Pablo Ezequiel De Blasis,Right Back
8556,Yellow Card,3,Pirmin Schwegler,Center Defensive Midfield
8557,Wasted Turnover,3,Martin Harnik,Right Center Forward
8574,Wasted Turnover,3,Alexander Esswein,Left Wing
8575,Wasted Turnover,6,Salomon Armand Magloire Kalou,Right Center Forward
8576,Wasted Turnover,3,Mitchell Weiser,Right Back
8578,Yellow Card,3,Per Ciljan Skjelbred,Left Defensive Midfield
8579,Yellow Card,4,Vladimír Darida,Right Center Midfield
8679,Wasted Turnover,3,Yunus Mallı,Center Attacking Midfield
8806,Wasted Turnover,3,Lars Edi Stindl,Right Center Forward
8812,Yellow Card,3,Marco Russ,Left Center Back
8822,Yellow Card,3,Simon Zoller,Right Wing
8823,Wasted Turnover,4,Marcel Risse,Right Wing
9103,Wasted Turnover,3,Lukas Hinterseer,Center Forward
9219,Wasted Turnover,3,Tobias Kempe,Center Attacking Midfield
9401,Wasted Turnover,4,Marcel Heller,Left Midfield
9463,Yellow Card,3,Alexander Banor Tettey,Right Defensive Midfield
9528,Wasted Turnover,4,Steven Naismith,Center Attacking Midfield
9649,Yellow Card,5,Jack Colback,Right Center Midfield
9723,Wasted Turnover,3,Sandro Wagner,Center Forward
9930,Yellow Card,3,Ryan Bennett,Right Center Back
10281,Wasted Turnover,4,André Schürrle,Left Center Forward
10287,Wasted Turnover,4,İlkay Gündoğan,Right Center Midfield
10476,Yellow Card,3,Timothée Kolodziejczak,Left Center Back
10503,Yellow Card,5,Billy Jones,Right Back
10790,Wasted Turnover,3,Adelino André Vieira Freitas,Left Midfield
10802,Wasted Turnover,5,André Filipe Tavares Gomes,Left Midfield
10896,Wasted Turnover,4,Marc Stendera,Left Center Midfield
10955,Big Miss,3,Harry Kane,Center Forward
10955,Wasted Turnover,7,Harry Kane,Center Forward
10956,Yellow Card,3,Eric Dier,Right Defensive Midfield
10958,Yellow Card,3,Chris Smalling,Right Center Back
10960,Big Miss,3,Jamie Vardy,Left Center Forward
10960,Wasted Turnover,5,Jamie Vardy,Left Center Forward
10966,Wasted Turnover,5,Wes Hoolahan,Center Attacking Midfield
10967,Wasted Turnover,3,Robert Brady,Left Midfield
11117,Wasted Turnover,4,Scott Sinclair,Left Wing
11283,Wasted Turnover,3,Fabian Johnson,Left Midfield
11286,Yellow Card,3,Dominik Maroh,Right Center Back
11394,Wasted Turnover,5,Stefan Kießling,Center Forward
12304,Yellow Card,3,Alfredo Morales,Left Center Midfield
12383,Yellow Card,3,Florian Jungwirth,Right Back
13107,Yellow Card,3,Sergio Álvarez Díaz,Right Center Midfield
15892,Wasted Turnover,3,Jordon Mutch,Center Attacking Midfield
15893,Wasted Turnover,3,Víctor Rodríguez Romero,Center Attacking Midfield
16332,Yellow Card,3,Ognjen Vranješ,Right Back
16456,Yellow Card,4,Enzo Pablo Roco Roco,Left Center Back
18751,Wasted Turnover,3,Jack Rodwell,Center Defensive Midfield
18751,Yellow Card,3,Jack Rodwell,Right Defensive Midfield
18888,Wasted Turnover,3,Szabolcs Huszti,Left Wing
20010,Yellow Card,3,Clemens Fritz,Right Center Midfield
20039,Wasted Turnover,3,Anthony Martial,Center Forward
20045,Yellow Card,4,Ryan Bertrand,Left Back
20064,Yellow Card,4,Hugo Miguel Almeida Costa Lopes,Right Back
20133,Yellow Card,4,Xabier Alonso Olano,Center Defensive Midfield
20485,Wasted Turnover,3,Almog Cohen,Left Center Midfield
20521,Wasted Turnover,5,Bafétimbi Gomis,Left Center Forward
21156,Wasted Turnover,3,Stefan Aigner,Right Midfield
23943,Yellow Card,3,Rubén García Santos,Left Wing
24263,Wasted Turnover,3,Ismael López Blanco,Left Back
24263,Yellow Card,3,Ismael López Blanco,Left Back
24324,Big Miss,5,Gustavo Adrián Ramos Vásquez,Right Wing
24914,Yellow Card,3,Edgar Prib,Left Midfield
25134,Yellow Card,4,Deyverson Brum Silva Acosta,Center Forward
26009,Wasted Turnover,3,Roberto Soldado Rillo,Center Forward
26009,Yellow Card,3,Roberto Soldado Rillo,Center Forward
26222,Yellow Card,4,José Eduardo Rosa Vale de Castro,Left Center Back
26359,Yellow Card,3,Santiago García,Left Back
26607,Yellow Card,5,José Raúl Baena Urdiales,Left Defensive Midfield
26723,Yellow Card,4,Álvaro Cejudo Carmona,Right Midfield
26848,Wasted Turnover,3,Roberto Trashorras Gayoso,Right Defensive Midfield
26848,Yellow Card,4,Roberto Trashorras Gayoso,Right Defensive Midfield
27109,Wasted Turnover,3,Youssef El-Arabi,Center Forward
27317,Wasted Turnover,3,Eduardo Jesús Vargas Rojas,Left Center Forward
27347,Yellow Card,3,Juan Manuel Vargas Risco,Left Midfield
30287,Yellow Card,3,Ceyhun Gülselam,Center Attacking Midfield
30312,Wasted Turnover,3,Uilson de Souza Paula Júnior,Right Back
30312,Yellow Card,4,Uilson de Souza Paula Júnior,Right Wing
40122,Wasted Turnover,4,Oscar dos Santos Emboaba Júnior,Left Wing
40467,Yellow Card,4,Peter Niemeyer,Right Defensive Midfield
42701,Yellow Card,3,Kieran Richardson,Left Back
42900,Yellow Card,3,Cheik Ismaël Tioté,Right Center Midfield
186264,Wasted Turnover,3,Foued Kadir,Right Wing
