event_type,metric,n_obs,spearman_rho,p_value_raw,p_value_fdr,is_significant
Big Miss,pass_acc_ratio,293,0.025883989576942563,0.6590374092215164,0.9088175845595543,False
Big Miss,fwd_pass_ratio,293,0.026029496374733917,0.6572422594656433,0.9088175845595543,False
Big Miss,long_ball_ratio,293,0.04796858198139231,0.4133280360843651,0.8613713736469935,False
Big Miss,xg_rate,293,-0.11989523032238075,0.040276031634519795,0.2517251977157487,False
Big Miss,shot_rate,293,-0.1487675826133316,0.010778171400961075,0.10778171400961074,False
Big Miss,avg_xg,293,-0.10284898766018793,0.07881058012832413,0.372477260018184,False
Big Miss,dribble_rate,293,0.0344588143522666,0.5568726084162513,0.8981816264778247,False
Big Miss,turnover_rate,293,0.036104028678161426,0.538184669931133,0.8969744498852217,False
Big Miss,foul_rate,293,-0.05570954070760022,0.3419823626350294,0.8549559065875735,False
Big Miss,press_intensity,293,-0.023342378942032817,0.6907013642652613,0.9088175845595543,False
Selfish Shot,pass_acc_ratio,177,-0.08546640466750922,0.25802514818436256,0.7588974946598899,False
Selfish Shot,fwd_pass_ratio,177,0.131113554128218,0.08194499720400047,0.372477260018184,False
Selfish Shot,long_ball_ratio,177,-0.0073492494936029515,0.9226597218268173,0.981552895560444,False
Selfish Shot,xg_rate,177,-0.03148860795379694,0.6773633969961484,0.9088175845595543,False
Selfish Shot,shot_rate,177,-0.07985309716284154,0.2907227667796995,0.8075632410547209,False
Selfish Shot,avg_xg,177,0.020849935969956813,0.78296674111999,0.9222443910626833,False
Selfish Shot,dribble_rate,177,-0.05525036881922869,0.4651405417693765,0.8613713736469935,False
Selfish Shot,turnover_rate,177,-0.1371987587350607,0.06860699903856254,0.372477260018184,False
Selfish Shot,foul_rate,177,0.0006326389173091649,0.993332092581759,0.993332092581759,False
Selfish Shot,press_intensity,177,-0.06295298733985404,0.4051679710049382,0.8613713736469935,False
Yellow Card,pass_acc_ratio,1371,0.005195140268778245,0.847596208196602,0.9222443910626833,False
Yellow Card,fwd_pass_ratio,1371,-0.005897259061914835,0.827303951557369,0.9222443910626833,False
Yellow Card,long_ball_ratio,1371,0.04387190373199017,0.10443006251123302,0.3729645089686893,False
Yellow Card,xg_rate,1371,-0.03532038825465253,0.1912047145027607,0.6373490483425357,False
Yellow Card,shot_rate,1371,-0.03169202936150624,0.24092193552806201,0.7528810485251938,False
Yellow Card,avg_xg,1371,-0.016684671043182307,0.5370612220202042,0.8969744498852217,False
Yellow Card,dribble_rate,1371,-0.013931229974761676,0.6062830361211448,0.9088175845595543,False
Yellow Card,turnover_rate,1371,0.01464501723892765,0.5879592206908634,0.9088175845595543,False
Yellow Card,foul_rate,1371,0.022100026008860112,0.41355620635138,0.8613713736469935,False
Yellow Card,press_intensity,1371,0.005254883273705251,0.8458654141911968,0.9222443910626833,False
Wasted Turnover,pass_acc_ratio,1459,-0.07486905625216908,0.004218700964253018,0.05273376205316273,False
Wasted Turnover,fwd_pass_ratio,1459,-0.0429644630998604,0.10090988230229735,0.3729645089686893,False
Wasted Turnover,long_ball_ratio,1459,-0.0007110324858469686,0.9783513150534654,0.993332092581759,False
Wasted Turnover,xg_rate,1459,-0.07815075831406502,0.002816151419589191,0.04693585699315318,True
Wasted Turnover,shot_rate,1459,-0.11131308195954322,2.0313659842634372e-05,0.0010156829921317185,True
Wasted Turnover,avg_xg,1459,-0.08061577579880339,0.0020585893107911966,0.04693585699315318,True
Wasted Turnover,dribble_rate,1459,-0.025326816055945434,0.3336786648176588,0.8549559065875735,False
Wasted Turnover,turnover_rate,1459,0.01952877847963216,0.45604823708602765,0.8613713736469935,False
Wasted Turnover,foul_rate,1459,0.011622635674081854,0.6573443525652723,0.9088175845595543,False
Wasted Turnover,press_intensity,1459,0.019769785173215287,0.4505069071983556,0.8613713736469935,False
Shock Goal,pass_acc_ratio,149,-0.13551571394650522,0.09938148434213016,0.3729645089686893,False
Shock Goal,fwd_pass_ratio,149,0.06413274949862317,0.4371307940555445,0.8613713736469935,False
Shock Goal,long_ball_ratio,149,0.027069041202849687,0.743140709332903,0.9222443910626833,False
Shock Goal,xg_rate,149,-0.02075661988100308,0.8016130243318742,0.9222443910626833,False
Shock Goal,shot_rate,149,-0.01578565122379108,0.8484648397776686,0.9222443910626833,False
Shock Goal,avg_xg,149,-0.0010538841344807123,0.989822494443287,0.993332092581759,False
Shock Goal,dribble_rate,149,-0.05451503101424307,0.5090434823668079,0.8969744498852217,False
Shock Goal,turnover_rate,149,-0.1734967131637355,0.03434170580621404,0.24529789861581455,False
Shock Goal,foul_rate,149,-0.02131923479157518,0.796351254684391,0.9222443910626833,False
Shock Goal,press_intensity,149,0.19026163639085608,0.02011735858011156,0.16764465483426302,False
